"organization_id","name"
"01f03f7d-8636-4e9c-9147-167cc4f0ab87",Cameron Networks
"0145a1e0-de12-4138-b963-de4ab5f8ffdc",Keith Cabeling Systems
"025efb1b-ab9d-4551-b56c-1732bb4daadc",Simon Electric Systems
"033ef01e-c1f4-4ab0-8590-f5170fe7797b",Nicholas Services
"01834e12-b70b-4cee-87b2-9c30b925f954",Stephen Computers
"019712ea-301f-42f6-b287-8fb40e7d3eb6",Buckland Inc
"2f634702-f0db-44cb-8e24-444bf603964e",Jim's Organization
"306292f0-8bb9-4561-9fcb-30d4029f68b1",Sean's Organization
"242d28fd-49d7-4d2e-94ec-de9213e8a659",Rhoda's Organization
"26ccb673-04e1-400e-beb3-d1faeffc51ad",Joe's Organization
"3344a3b5-4b02-4b3a-8753-f6b7a1829703",Brad's Organization
"52bd460d-d616-43f7-a29e-ef0fdd20a7e7",Oliver Org 
"5839f859-ee4a-4787-a006-e3a4976e7b03",Sebastian's Organization
"5989aab6-98d5-47a0-a6c3-45bafcfb2fc1",Alexandra's Wireless
"654c794d-fd59-401d-a69c-c81bb6411e88",Wallace Networks
"6c93a9b5-cde7-4660-a55a-1ba74b97fc58",Paterson Networking Systems
"81a50796-c536-4057-a7a9-56dbbbbb635e",Fluke Networks
"8b5f05fa-8044-44cf-85c9-2c62eb5c7898",Allan's fluke
"8b5b6361-b9fc-4513-b8e0-25fb4c0a3219",Richard's Organization
"8e873fd5-c759-4f81-9432-38274b182384",Ardeshir's Organization
"a0796320-c84e-4a2f-83e5-731919e7d9dc",Robertson Mechtronics
"a24312d5-164c-438a-a939-b44d7fac7a98",Matthew's Organization
"a82cd742-4ca3-46cb-9b94-60f6abbe7702",Kevin's Great Org
"abf1cb58-205a-47cb-839d-01e5b1140d97",Richa Test Organization
"b53e365a-1b15-43e7-a0b8-9bc53f90b1c6",John's Organization
"c3c4bee3-109c-4d04-823c-1f621bbbe604",Mary & Maria Media
"c6535b9d-330e-4e10-89d4-c965522fa351",Kremer Fnet
"d496cc80-adf8-4e9f-b7d5-d4055f2f5684",J's Organization
"e0b20627-cd63-4346-b555-e87c624f7ee6",Kevin's Organization
"eb633b23-01d9-43fa-8f91-3c33719cd590",Elizabeth Organization
